{
	"response": {
		"players": [
			{
				"steamid": "76561198023854426",
				"communityvisibilitystate": 3,
				"profilestate": 1,
				"personaname": "Freshcelery",
				"lastlogoff": 1400936408,
				"profileurl": "http://steamcommunity.com/profiles/76561198023854426/",
				"avatar": "http://media.steampowered.com/steamcommunity/public/images/avatars/80/80587b3a18c64f5bc3a8a94706c4c531f5c7baf8.jpg",
				"avatarmedium": "http://media.steampowered.com/steamcommunity/public/images/avatars/80/80587b3a18c64f5bc3a8a94706c4c531f5c7baf8_medium.jpg",
				"avatarfull": "http://media.steampowered.com/steamcommunity/public/images/avatars/80/80587b3a18c64f5bc3a8a94706c4c531f5c7baf8_full.jpg",
				"personastate": 1,
				"realname": "cory purnell",
				"primaryclanid": "103582791433630490",
				"timecreated": 1271117900,
				"personastateflags": 0,
				"gameextrainfo": "Dota 2",
				"gameid": "570",
				"loccountrycode": "CA"
			}
		]
		
	}
}