{
	"response": {
		"players": [
			{
				"steamid": "76561197969915893",
				"communityvisibilitystate": 3,
				"profilestate": 1,
				"personaname": "Ezekial",
				"lastlogoff": 1400828241,
				"commentpermission": 1,
				"profileurl": "http://steamcommunity.com/id/_ezekial/",
				"avatar": "http://media.steampowered.com/steamcommunity/public/images/avatars/75/75546f59098780aac2a8327812386fe8f12c1394.jpg",
				"avatarmedium": "http://media.steampowered.com/steamcommunity/public/images/avatars/75/75546f59098780aac2a8327812386fe8f12c1394_medium.jpg",
				"avatarfull": "http://media.steampowered.com/steamcommunity/public/images/avatars/75/75546f59098780aac2a8327812386fe8f12c1394_full.jpg",
				"personastate": 1,
				"realname": "Keegan",
				"primaryclanid": "103582791431776478",
				"timecreated": 1098825853,
				"personastateflags": 0,
				"loccountrycode": "CA",
				"locstatecode": "BC"
			}
		]
		
	}
}